{"count":1,"self":8.7412423999999991,"total":9.9234695999999989,"children":{"InitializeActuators":{"count":10,"self":0.0050025999999999994,"total":0.0050025999999999994,"children":null},"InitializeSensors":{"count":10,"self":0.014990999999999999,"total":0.014990999999999999,"children":null},"AgentSendState":{"count":278,"self":0.013456099999999999,"total":0.0948966,"children":{"UpdateModelSpacePoses":{"count":560,"self":0.0161509,"total":0.0161509,"children":null},"UpdateLocalSpacePoses":{"count":560,"self":0.018787599999999998,"total":0.018787599999999998,"children":null},"CollectObservations":{"count":560,"self":0.0234006,"total":0.0234006,"children":null},"WriteActionMask":{"count":560,"self":0.00099819999999999987,"total":0.00099819999999999987,"children":null},"RequestDecision":{"count":560,"self":0.0221032,"total":0.0221032,"children":null}}},"DecideAction":{"count":278,"self":1.0201457999999999,"total":1.0201457999999999,"children":null},"AgentAct":{"count":278,"self":0.0442874,"total":0.0442874,"children":null}},"gauges":{"Crawler.CumulativeReward":{"count":14,"max":31.110342,"min":-1,"runningAverage":11.6450653,"value":0.8494768,"weightedAverage":13.1172419}},"metadata":{"timer_format_version":"0.1.0","start_time_seconds":"1624004783","unity_version":"2020.1.17f1","command_line_arguments":"C:\\Program Files\\Unity\\Hub\\Editor\\2020.1.17f1\\Editor\\Unity.exe -projectpath C:\/Users\/veren\/Documents\/Uni\/Master\/03_Sommersemester 2021\/ASP\/Projektphase\/Project\/autonome-systeme\/unity\/Crawler -useHub -hubIPC -cloudEnvironment production -hubSessionId ece0f490-d00d-11eb-aa64-cda3f2a6bac7 -accessToken L_9HubgK4vixaT0Lkxpy8asnXv3hRSN8v9wsP2EcOXM008f","communication_protocol_version":"1.5.0","com.unity.ml-agents_version":"2.0.0-exp.1","scene_name":"Crawler","end_time_seconds":"1624004793"}}